2026-09-27T17:27:04-07:00	W06	r1	codex	rc=0
2026-09-27T17:30:40-07:00	W02	r1	codex	rc=0
2026-09-27T17:32:23-07:00	W06	r2	codex	rc=0
2026-09-27T17:33:12-07:00	W05	r1	codex	rc=0
2026-09-27T17:33:34-07:00	W04	r1	codex	rc=0
2026-09-27T17:34:03-07:00	W07	r1	codex	rc=0
2026-09-27T17:38:47-07:00	W08	r1	codex	rc=0
2026-09-27T17:38:49-07:00	W01	r1	codex	rc=0
2026-09-27T17:41:29-07:00	W06	r3	codex	rc=0
2026-09-27T17:41:29-07:00	W03	r1	codex	rc=0
2026-09-27T17:44:34-07:00	W05	r2	codex	rc=0
2026-09-27T17:46:58-07:00	W08	r2	codex	rc=0
2026-09-27T17:47:26-07:00	W04	r2	codex	rc=0
2026-09-27T17:48:45-07:00	P08	r1	codex	rc=0
2026-09-27T17:50:44-07:00	W07	r2	codex	rc=0
2026-09-27T19:47:52-07:00	W02	r2	codex	rc=0
2026-09-27T19:48:44-07:00	P04	r1	codex	rc=0
2026-09-27T19:49:07-07:00	W11a	r1	codex	rc=0
2026-09-27T19:49:09-07:00	W10	r1	codex	rc=0
2026-09-27T19:49:16-07:00	W01	r2	codex	rc=0
2026-09-27T19:51:42-07:00	W03	r2	codex	rc=0
2026-09-27T19:52:49-07:00	W04	r3	codex	rc=0
2026-09-27T19:53:08-07:00	W08	r3	codex	rc=0
2026-09-27T19:53:32-07:00	W11b	r1	codex	rc=0
2026-09-27T19:53:39-07:00	P08	r2	codex	rc=0
2026-09-27T19:55:05-07:00	P04	r2	codex	rc=0
2026-09-27T19:59:47-07:00	W11a	r2	codex	rc=0
2026-09-27T19:59:47-07:00	W01	r3	codex	rc=0
2026-09-27T20:01:36-07:00	W02	r3	codex	rc=0
2026-09-27T20:01:37-07:00	P08	r3	codex	rc=0
2026-09-27T20:03:18-07:00	W10	r2	codex	rc=0
2026-09-27T20:13:44-07:00	W08	r4	codex	rc=0
2026-09-27T20:14:34-07:00	W11b	r2	codex	rc=0
2026-09-27T20:14:59-07:00	W04	r4	codex	rc=0
2026-09-27T20:15:06-07:00	W03	r3	codex	rc=0
2026-09-27T20:15:17-07:00	P04	r3	codex	rc=0
2026-09-27T20:21:06-07:00	W01	r4	codex	rc=0
2026-09-27T20:21:41-07:00	P08	r4	codex	rc=0
2026-09-27T20:22:33-07:00	W10	r3	codex	rc=0
2026-09-27T20:22:42-07:00	S01	r1	codex	rc=0
2026-09-27T20:22:42-07:00	W02	r4	codex	rc=0
2026-09-27T20:23:00-07:00	W11a	r3	codex	rc=0
2026-09-27T20:24:46-07:00	W11b	r3	codex	rc=0
2026-09-27T20:47:06-07:00	W03	r4	codex	rc=0
2026-09-27T20:47:38-07:00	P04	r4	codex	rc=0
2026-09-27T20:48:34-07:00	W11b	r4	codex	rc=0
2026-09-27T20:48:52-07:00	S01	r2	codex	rc=0
2026-09-27T20:51:23-07:00	W11a	r4	codex	rc=0
2026-09-27T20:52:05-07:00	RTN	r1	codex	rc=0
2026-09-27T20:53:12-07:00	W10	r4	codex	rc=0
2026-09-27T20:54:45-07:00	S01	r3	codex	rc=0
